Name,2017,2018,2019
Air Force,Troy Calhoun,Troy Calhoun,Ben Miller
Akron,Jeff Bowden,Mike Woodford,Chris Hurd
Alabama,Burton Burns,Jeff Banks,Jeff Banks
Appalachian State,Stu Holt,Stu Holt,Erik Link
Arizona,Brian Knorr,Jeremy Springer,Jeremy Springer
Arizona State,Shawn Slocum,Shawn Slocum,Shawn Slocum
Arkansas,Bret Bielema,Jeff Traylor,Scott Fountain
Arkansas State,Norval McKenzie,Blake Anderson,Kyle Cefalo
Army,Sean Saturnio,Sean Saturnio,Sean Saturnio
Auburn,Larry Porter,Larry Porter,Larry Porter
Ball State,Patrick Dougherty,Patrick Dougherty,Patrick Dougherty
Baylor,Mike Siravo,Mike Siravo,Mike Siravo
Boise State,Kent Riddle,Kent Riddle,Lee Marks
Boston College,Ricky Brown,Ricky Brown,Ricky Brown
Bowling Green,Matt Brock,Jacob Schoonover,Jacob Schoonover
Buffalo,Andy Kotelnicki,Taiwo Onatolu,Taiwo Onatolu
BYU,Ed Lamb,Randy Coy Jr.,Randy Coy Jr.
California,Charlie Ragle,Charlie Ragle,Charlie Ragle
Central Michigan,Tony Coaxum,Tony Coaxum,Ryan Beard
Charlotte,Charlie Skalaski,Charlie Skalaski,Max Thurmond
Cincinnati,Doug Phillips,Brian Mason,Brian Mason
Clemson,Danny Pearman,Danny Pearman,Danny Pearman
Coastal Carolina,Curt Baldus,Curt Baldus,Curt Baldus
Colorado,Matt Thompson,Ross Els,Ross Els
Colorado State,Jamie Bryant,Chase Gibson/Nick Jones,Chase Gibson/Nick Jones
Connecticut,Eddie Allen,Eddie Allen,Eddie Allen
Duke,Jim Bridge,Kirk Benedict,Kirk Benedict
East Carolina,Kirk Doll,Roy Tesh,Roy Tresh
Eastern Michigan,Jay Nunez,Jay Nunez,Jay Nunez
Florida,Gregg Nord,Greg Knox,Greg Knox
Florida Atlantic,Corey Batoon,Jaron Fairman,Jaron Fairman
Florida International,James Vollono,James Vollono,DJ McCarthy
Florida State,Jay Graham,Alonzo Hamilton,Mark Snyder
Fresno State,Jamie Christian,Jamie Christian,Jamie Christian
Georgia,Scott Fountain,Scott Cochran,Scott Fountain
Georgia Southern,Andrew Dodge,Andrew Dodge,Andrew Dodge
Georgia State,Shawn Elliott,Shiel Wood,Shiel Wood
Georgia Tech,Lamas S. Owens Jr.,Lamas S. Owens Jr.,Jeff Popvich/Chris Wiesehan
Hawaii,Mayur Chaudhari,Michael Ghobrial,Dan Phillips
Houston,Kyle Robinson,James Casey,Blake Gideon
Illinois,Bob ligashesky,Bob Ligashesky,Bob Ligashesky
Indiana,Jeff McInerney,William Inge,William Inge
Iowa,LeVar Woods,LeVar Woods,LeVar Woods
Iowa State,Bryan Gasser,Joe Houston,Joel Gordon
Kansas,Joe DeForest,Kenny Perry,Mike Ekeler
Kansas State,Sean Snyder,Sean Snyder,Sean Snyder
Kent State,Dave McMichael,Zac Barton,Zac Barton
Kentucky,Dean Hood,Dean Hood,Dean Hood
Liberty,Scott Downing,Scott Downing,Scott Downing
Louisiana,Jordan Frazier,Matt Powledge,Matt Powledge
Lousisiana Monroe,Kyle Segler,Kyle Segler,Kyle Segler
Louisiana Tech,Erik Link,Erik Link,Dennis Smith
Louisville,Bobby Petrino,Bobby Petrino,Stu Holt
LSU,Greg McMahon,Greg McMahon,Greg McMahon
Marshall,Adam Fuller,Doc Holliday,Joey Partin
Maryland,Pete Lembo,Matt Barns,John Papuchis
Memphis,Joe Lorig,Joe Lorig,Pete Lembo
Miami,Todd Hurtley,Todd Hartley,Jonathan Patke
Miami (OH),Doug Shearer,Doug Shearer,Doug Shearer
Michigan,Jay Harbaugh,Jay Harbaugh,Jay Harbaugh
Michigan State,Mark Snyder,Paul Haynes,Mark Staten
Middle Tennessee,Mike Polly,Mike Polly,Mike Polly
Minnesota,Rob Wenger,Rob Wenger,Rob Wenger
Mississippi State,Chris Boniol,Joey Jones,Joey Jones
Missouri,Andy Hill,Andy Hill,Erik Link
Navy,Steve Johns,Danny O'Rourke,Danny O'Rourke
NC State,Eddie Faulkner,Eddie Faulkner,Todd Goebbel
Nebraska,Scott Booker,Jovan Dewitt,Zach Crespo
Nevada,Tommy Perry,Tommy Perry,Tommy Perry
New Mexico,Apollo Wright,Perry Eliano,Perry Eliano
New Mexico State,Chili Davis,Chili Davis,Chili Davis
North Carolina,Luke Paschall,Luke Paschall,Jovan Dewitt
Northern Illinois,Dan Sabock,Dan Sabock,Atif Austin
North Texas,Marty Biagi,Marty Biagi,Mike Ekeler
Northwestern,Brendan Farrell,Jeff Genyk,Jeff Genyk
Notre Dame,Brial Polian,Brian Polian,Brian Polian
Ohio,Pete Germano,Pete Germano,Brian Haines
Ohio State,Kerry Coombs,Matt Barns,Matt Barns
Oklahoma,Jay Boulware,Jay Boulware,Jay Boulware
Oklahoma State,M.K. Taylor,M.K. Taylor,M.K. Taylor
Old Dominion,Frank Wilson,Frank Wilson,Kevin Smith
Ole Miss,Bradley Dale Peveto,Jon Sumrall,Jon Sumrall
Oregon,Raymond Woodie,Bobby Williams,Bobby Williams
Oregon State,Jake Cookus,Jake Cookus,Jake Cookus
Penn State,Charles Huff,Phil Galiano,Joe Lorig
Pittsburgh,Andre Powell,Andre Powell,Andre Powell
Purdue,Ryan Wallace,Mark Tommerdahl,Marty Biagi
Rice,Darrell Patterson,Pete Lembo,Drew Svoboda
Rutgers,Vince Okruch,Vince Okruch,Adam Scheier
San Diego State,Doug Deakin,Doug Deakin,Doug Deakin
San Jose State,Fred Guidici,Fred Guidici,Fred Guidici
SMU,Scott X. Nady,Scott X. Nady,Josh Martin
South Alabama,Matt Kitchens,Matt Kitchens,Matt Kitchens
South Carolina,Coleman Hutzler,Coleman Hutzler,Kyle Krantz
Southern Mississippi,Jay Hopson,Lytrel Pollard,Lytrel Pollard
South Florida,Justin Burke,Justin Burke,Justin Burke
Stanford,Pete Alamar,Pete Alamar,Pete Alamar
Syracuse,Justin Lustig,Justin Lustig,Justin Lustig
TCU,Dan Sharp,Dan Sharp,Dan Sharp
Temple,Ed Foley,Ed Foley,Brett Diersen
Tennessee,Charlton Warren,Kevin Sherrer,Kevin Sherrer
Texas,Craig Naivar,Derek Warehime,Derek Warehime
Texas A&M,Jeff Banks,Jeremy Kerr,Jeremy Kerr
Texas State,Parker Fleming,Jules Montinar,Nick Whitworth
Texas Tech,Adam Scheier,Adam Scheier,Mark Tommerdahl
Toledo,Robby Discher,Robby Discher,Robby Discher
Troy,Jon Sumrall,Brandon Hall,Brian Blackmon
Tulane,Chris Couch,Chris Couch,Chris Couch
Tulsa,Philip Montgomery,Philip Montgomery,Philip Montgomery
UAB,Bill Clark,Bill Clark,Bill Clark
UCF,Jovan Dewitt,Nick Toth,Nick Toth
UCLA,Scott White,Roy Manning,Derek Sage
UMass,Mark Michaels,Charles Walker,Luke Paschall
UNLV,Andy LaRussa,Travis Burkett,Jordan PaoPao
USC,John Baxter,John Baxter,Joe Bolden
Utah,Sharrieff Shah/Justin Ena,Sharrieff Shah,Sharrieff Shah
Utah State,Mark Tommerdahl,Worth Gregory,Stacy Collins
UTEP,Don Yanowsky,Joe Robinson,Joe Robinson
UT San Antonio,Gary Hyman,Gary Hyman,Gary Hyman
Vanderbilt,Jeff Genyk,Devin Fitzsimmons,Devin Fitzsimmons
Virginia,Ricky Brumfield,Ricky Brumfield,Ricky Brumfield
Virginia Tech,James Shibest,James Shibest,James Shibest
Wake Forest,Wayne Lineburg,Wayne Lineburg,Wayne Lineburg
Washington,Bob Gregory,Bob Gregory,Bob Gregory
Washington State,Eric Mele,Matt Brock,Matt Brock
Western Kentucky,Mike Sanford Sr.,Jami DeBerry/Maurice Crum,Andy LaRussa
Western Michigan,David Duggan,Dontae Wright,Joe Palcic
West Virginia,Mark Scott,Mark Scott,Blake Seiler
Wisconsin,Chris Haering,Chris Haering,Chris Haering
Wyoming,AJ Cooper,AJ Cooper,AJ Cooper
